{"cameraMode":{"drawMode":0,"name":"Shaded","section":"Shading Mode"},"sceneLighting":false,"audioPlay":false,"sceneViewState":{"m_AlwaysRefresh":false,"showFog":false,"showSkybox":false,"showFlares":false,"showImageEffects":false,"showParticleSystems":false,"showVisualEffectGraphs":true,"m_FxEnabled":true},"in2DMode":false,"pivot":{"x":-0.001474134624004364,"y":0.04308866336941719,"z":0.0062363408505916599},"rotation":{"x":-0.00807014387100935,"y":0.9894208312034607,"z":-0.1316792368888855,"w":-0.06062771752476692},"size":0.08691912889480591,"orthographic":false}