{"cameraMode":{"drawMode":0,"name":"Shaded","section":"Shading Mode"},"sceneLighting":false,"audioPlay":false,"sceneViewState":{"m_AlwaysRefresh":false,"showFog":true,"showSkybox":false,"showFlares":true,"showImageEffects":true,"showParticleSystems":true,"showVisualEffectGraphs":true,"m_FxEnabled":true},"in2DMode":false,"pivot":{"x":-0.037629127502441409,"y":3.508159637451172,"z":-4.76837158203125e-7},"rotation":{"x":0.021790452301502229,"y":-0.9730386734008789,"z":0.11047887057065964,"w":0.2026718705892563},"size":7.611114978790283,"orthographic":false}